before,main,after 
,Hillary Clinton ,fell down many times Harvey Weinstein has to be held up by two body guards this AM at court now this stumbling around at the podium by Nany Nancy Pelosi who hates US and Trump https://t.co/54qtyKjNea https://twitter.com/SebGorka/status/1202637333809508352
,HillaryClinton, @StephenAtHome @sethmeyers @jimmykimmel @jimmyfallon @JKCorden @Trevornoah @iamsambee Hillary Clinton is a disgrace to our nation.
If I was Bernie Sanders I would NOT reject the endorsement of Joe Biden and ,Hillary Clinton,".Much as I would be disgusted, I would back his decision to accept their support. On the other hand, it's much easier accepting the support of Joe Rogan, than either of the two above! https://t.co/JsCNjnOXn3"
,Hillary,", a Saul Alinsky acolyte, is one of the most vicious politicians of my lifetime, covering up Bill’s sexual assaults by harassing and insulting the exploited women and peddling influence around the globe in exchange for funds for the corrupt Clinton Foundation"
"@_jack_fox_ Fuck you that was before she read the report about Guantanamo, Hillary committed actual torture, Joe Biden committed actual torture. Bill and",Hillary Clinton,are pedophiles and friends with Harvey Weinstein
"President Accuses Obama Of Funding Iran, DOJ “Finds Nothing” On ",Hillary Clinton ,– Overlooks Their Treason!  https://t.co/pyIQ0dgUVP https://thewashingtonstandard.com/president-accuses-obama-of-funding-iran-doj-finds-nothing-on-hillary-clinton-overlooks-their-treason/
@jeneps @MisterNuance How to serve,Hillary Clinton,"Step 1:  Host a fake conference called ""How to bomb various middle eastern countries and create regime change""
Step 2:  When she shows up as the fake keynote speaker, serve her."
@TalbertSwan @realDonaldTrump,Hillary Clinton, & the demoncrat team used a disgraceful sexual pedophile named HarveyWeinstein to help with their political campaigning using celebrities tied to his pedophile organization & we do not support them or Open Borders in any fashion as soldiers or children of. @potus https://t.co/VSivzTOjFh
@TheView ,@HillaryClinton,"Does anyone else find it ludicrous that Hillary Clinton lecture us about the evils of ""straight white men"" while at the same time enabling white Male rapists like her husband, Harvey Weinstein, and Jeffrey Epstein? Hypocrite!"
Agreed Trump is the dumbest but if ,Hillary Clinton,"(which you haf endorsed) had won, we would have already in war with Iran,Russia,China etc etc...... https://t.co/YE5yUy8ARA https://twitter.com/AnaKasparian/status/1219631675019350025"
"Harvey Weinstein ✔️
Kevin Spacey ✔️
Charlie Rose ✔️
John Conyers ✔️
Louise CK ✔️
Al Franken ✔️
Matt Lauer ✔️
James Comey ✔️
Anthony Weiner ✔️Bill & ",Hillary Clinton,"️ ✔️✔Wow, there are an awful lot of Democrats on the Naughty List...as usual.
#MerryChristmas https://t.co/whm3ANYM9M"
"I never thought I’d agree with Donald Trump ever, but I agree that—",Hillary Clinton ,"is crooked or at least bent (not for emails but for trying to undermine our primary and Bernie’s momentum), and CNN is shit news. Neither one of them is relevant to me moving forward."
,Hillary Clinton, was president Harvey Weinstein would still be out there with Epstein raping underaged boys and girls. #Veterans
@nrc ,Hillary Clinton," admits that America created, funded and armed Al Qaeda / #ISIS terrorists. (including the Mujahedin)https://t.co/1QsH6CbI1F https://youtu.be/FsIp1TDwFLs"
@MZHemingway Funded by,Hillary Clinton," to influence the 2016 election in her favor. Yet, HUGE SURPRISE, no condemnation from Dems, no shrieks of ""political interference""!! 
As always, Dems take the Gold, Silver and Bronze for hypocrisy!"
One of Harvey Weinstein's Alleged Victims Takes Down ,Hillary Clinton ,Hard: 'I Can't Believe I Used to Support Her' https://t.co/ME9It7QICO https://www.redstate.com/alexparker/2019/10/12/one-harvey-weinsteins-alleged-victims-takes-hillary-clinton-hard-cant-believe-used-support/?utm_source=rsmorningbriefing
@CNN @kenklippenstein,Hillary Clinton, backed Harvey Weinstein after the allegations were all but confirmed. She also has close ties to Epstein. She also is married to an accused rapist
"@DaphneeMoon7 @tracy_texas6 I told my husband exactly that last night, because women like Nancy Pelosi, Lizzy and ",Hillary Clinton, should never be allowed in Politics.
No one is above the law? ,"
Hillary Clinton", refuses to be served Tulsi Gabbard's defamation lawsuit https://t.co/Sb3RQSlHA9 via @nypmetro https://nypost.com/2020/01/29/hillary-clinton-refuses-to-be-served-tulsi-gabbards-defamation-lawsuit/?utm_source=twitter_sitebuttons&utm_medium=site%20buttons&utm_campaign=site%20buttons
@Cyndi1114 @ABCPolitics Trump works for Putin so then what does that make ,Hillary Clinton ,by selling uranium to Putin and the money came up missing. Yeah your stupid
@charliekirk11 @realDonaldTrump I'm so glad that President Trump is in office and not ,Hillary Clinton,
RETWEET - ,HILLARY ,COULD NOT HANDLE THE TRUTH!!  - Hillary Clinton wanted to cancel interview after learning it was about Harvey Weinstein: Ronan Farrow https://t.co/jXerEw4rdy https://washex.am/2HubsT5
"""No one is above the law""","Hillary Clinton
","https://t.co/oxUVmNxYxV
#HillaryClinton #Hillary #HillaryForPrison https://www.foxnews.com/politics/hillary-clinton-intimidated-by-tulsi-gabbard-lawsuit-wont-accept-legal-documents-lawyer-claims-report"
,Hillary Clinton, will burn in Hell
Anthony Bourdain Turns Fury on ,Hillary Clinton," for ""Shameless"" Response to Harvey Weinstein Allegations
He claims someone who's ""not stupid"" should know better.
https://t.co/JBb33YXpax https://www.bravotv.com/top-chef/blogs/anthony-bourdain-on-hillary-clinton-shameless-response-to-harvey-weinstein https://twitter.com/Susanne57650142/status/1148382872333688832"
